usuario,categorias_padre,subcategorias
user_565_4b73,"academia, deportes y bienestar, gastronomía, comunidad, música","atletismo, charla TED-style, minga barrial, chandé, cata de vinos / cocteles"
user_175_5878,"música, comunidad, deportes y bienestar","artes marciales, feria comunitaria, fandango"
user_389_7e9e,"comunidad, otros, academia, deportes y bienestar","fotografía, religioso / espiritual, yoga / meditación, skateboarding, evento infantil, voluntariado, turismo cultural, emprendimiento"
user_224_5151,"academia, deportes y bienestar, artes escénicas, evento tradicional, gastronomía, comunidad, otros, música","fandango, gastronomía, yoga / meditación, taller / workshop, tecnología, títeres / marionetas, feria comunitaria, desfile"
user_338_ef73,"artes escénicas, comunidad","mercado de pulgas, cineclub"
user_916_dc09,"artes escénicas, evento tradicional, academia, deportes y bienestar","feria de ciencia, exposición de arte, stand-up comedy, carnaval barrial, reinado popular, natación, feria de artesanos"
user_587_b905,"otros, academia, música","tecnología, electrónica, turismo cultural, cumbia, charla TED-style, vallenato, rap / hip-hop"
user_131_75a0,"comunidad, música","gaitas, evento infantil"
user_359_65ac,"música, comunidad, deportes y bienestar","deportes, voleibol de playa, porro, voluntariado"
user_803_017e,"gastronomía, música, comunidad, deportes y bienestar","skateboarding, crossfit, taller de cocina, merecumbé, mercado campesino, voluntariado"
user_428_9a36,"comunidad, deportes y bienestar","minga barrial, artes marciales"
user_795_fcc4,"deportes y bienestar, música","electrónica, música en vivo, fútbol"
user_392_ae96,"música, otros, evento tradicional, deportes y bienestar","yoga / meditación, fandango, festival gastronómico, religioso / espiritual, champeta, picó, tecnología"
user_207_6738,"academia, artes escénicas, evento tradicional, comunidad, música","festival gastronómico, performance, charla TED-style, conferencia, voluntariado, salsa"
user_834_a271,"gastronomía, comunidad, otros, evento tradicional","religioso / espiritual, mercado campesino, picó, feria comunitaria"
user_995_168d,"academia, deportes y bienestar, artes escénicas, evento tradicional, gastronomía, comunidad, música","skateboarding, exposición de arte, taller de cocina, cumbia, fiesta de fin de año, taller / workshop, evento familiar"
user_768_2a09,"academia, deportes y bienestar, evento tradicional, gastronomía, música","carnaval barrial, cumbia, food truck, crossfit, reinado popular, porro, hackathon"
user_745_b335,"gastronomía, deportes y bienestar, academia, música","academia, emprendimiento, cata de vinos / cocteles, electrónica, artes marciales"
user_907_7694,"comunidad, academia, deportes y bienestar","yoga / meditación, taller / workshop, mercado de pulgas"
user_871_379d,"academia, artes escénicas, evento tradicional, comunidad, otros, música","cineclub, minga barrial, cumbia, novena navideña, moda / pasarela, reggae, rock, feria de ciencia"
user_126_45f0,"academia, deportes y bienestar, evento tradicional, gastronomía, otros, música","reinado popular, picó, hackathon, videojuegos / gaming, yoga / meditación, food truck, deportes, salsa"
user_409_a2af,"academia, deportes y bienestar, artes escénicas, evento tradicional, música","voleibol de playa, academia, galería, reggae, verbena, charla TED-style, champeta, picó"
user_448_f9c0,"academia, artes escénicas, comunidad, otros, música","tecnología, emprendimiento, mercado de pulgas, voluntariado, rock, feria de ciencia, títeres / marionetas"
user_557_1ac9,"comunidad, academia, música","emprendimiento, mercado de pulgas, merecumbé"
user_926_fc30,"música, comunidad, academia, deportes y bienestar","crossfit, evento familiar, yoga / meditación, música en vivo, emprendimiento"
user_824_e9de,"artes escénicas, gastronomía, comunidad, música","poesía / declamación, mercado de pulgas, taller de cocina, fandango, cata de vinos / cocteles, circo"
user_702_6b0d,"academia, deportes y bienestar","voleibol de playa, feria de ciencia, atletismo"
user_391_4de8,"academia, deportes y bienestar, evento tradicional, gastronomía, música","voleibol de playa, desfile, jazz, gaitas, feria de artesanos, charla TED-style, food truck, cumbia"
user_889_1db0,"comunidad, otros, música","videojuegos / gaming, evento infantil, rap / hip-hop"
user_982_2203,"artes escénicas, evento tradicional, gastronomía, otros, música","gastronomía, desfile, taller de cocina, cineclub, fotografía, cumbia"
user_389_feca,"gastronomía, academia, evento tradicional, deportes y bienestar","fútbol, artes marciales, fiesta de fin de año, cata de vinos / cocteles, feria de ciencia"
user_940_98d8,"deportes y bienestar, artes escénicas, comunidad, otros, música","champeta, música en vivo, fotografía, mercado de pulgas, galería, atletismo, minga barrial, artes marciales"
user_825_0658,"artes escénicas, música, evento tradicional, deportes y bienestar","exposición de arte, poesía / declamación, desfile, circo, picó, voleibol de playa, champeta, ciclismo"
user_419_d815,"academia, deportes y bienestar, evento tradicional, gastronomía, comunidad, música","atletismo, música en vivo, cata de vinos / cocteles, voluntariado, feria de artesanos, reggaeton, emprendimiento"
user_451_ee30,"artes escénicas, gastronomía, academia, música","charla TED-style, chandé, festival de mariscos, reggaeton, cata de vinos / cocteles, galería, emprendimiento, danza folclórica"
user_551_50f2,"artes escénicas, música","jazz, cumbia, stand-up comedy, champeta"
user_725_ae53,"academia, deportes y bienestar, evento tradicional, gastronomía, comunidad, otros, música","champeta, cata de vinos / cocteles, moda / pasarela, gastronomía, voluntariado, networking, artes marciales, reinado popular"
user_945_e81e,"artes escénicas, otros, evento tradicional, música","poesía / declamación, gaitas, fiesta de fin de año, porro, videojuegos / gaming"
user_444_6184,"academia, artes escénicas, evento tradicional, gastronomía, música","carnaval barrial, vallenato, mercado campesino, rock, cata de vinos / cocteles, títeres / marionetas, conferencia, desfile"
user_837_25ee,"artes escénicas, gastronomía, otros, música","chandé, grafiti / arte urbano, fotografía, festival de mariscos, mapalé"
user_416_1a63,"artes escénicas, deportes y bienestar, academia, música","salsa, emprendimiento, porro, ciclismo, poesía / declamación, natación"
user_510_9584,"otros, música","merecumbé, fotografía"
user_869_5991,"deportes y bienestar, artes escénicas, evento tradicional, comunidad, otros, música","electrónica, desfile, deportes, moda / pasarela, circo, mercado de pulgas"
user_503_9a79,"música, deportes y bienestar","atletismo, vallenato"
user_936_45d1,"artes escénicas, academia, música","taller / workshop, porro, teatro comunitario, merecumbé"
user_944_6473,"otros, academia, música","merecumbé, feria de ciencia, moda / pasarela, taller / workshop, porro"
user_421_257d,"música, otros, evento tradicional, deportes y bienestar","artes marciales, deportes, videojuegos / gaming, jazz, verbena, fotografía, turismo cultural"
user_490_9401,"artes escénicas, deportes y bienestar, comunidad, música","salsa, exposición de arte, grafiti / arte urbano, electrónica, minga barrial, gaitas, yoga / meditación"
user_440_0062,"artes escénicas, evento tradicional, comunidad, otros, música","poesía / declamación, carnaval barrial, cumbia, evento infantil, religioso / espiritual"
user_528_a6ce,"comunidad, academia, música","academia, feria comunitaria, merecumbé"
user_239_0bcf,"deportes y bienestar, música","fandango, deportes"
user_145_b67e,"comunidad, evento tradicional, academia, música","feria de ciencia, porro, salsa, fandango, música en vivo, carnaval barrial, voluntariado"
user_689_d06d,"comunidad, academia, música","academia, jazz, evento familiar"
user_312_8a50,"artes escénicas, deportes y bienestar, academia, música","mapalé, academia, circo, artes marciales"
user_969_494e,"academia, deportes y bienestar, evento tradicional, comunidad, otros, música","mapalé, evento familiar, atletismo, chandé, academia, reinado popular, turismo cultural"
user_984_edbe,"comunidad, academia","minga barrial, hackathon"
user_383_14c4,"gastronomía, música, evento tradicional, deportes y bienestar","ciclismo, jazz, verbena, electrónica, deportes, food truck, crossfit, mapalé"
user_221_c395,"deportes y bienestar, artes escénicas, gastronomía, comunidad, música","cineclub, natación, jazz, cata de vinos / cocteles, evento familiar, vallenato"
user_777_776d,"gastronomía, comunidad, academia, música","networking, mercado campesino, charla TED-style, evento familiar, chandé"
user_272_8015,"academia, artes escénicas, evento tradicional, gastronomía, música","chandé, conferencia, stand-up comedy, vallenato, cata de vinos / cocteles, reinado popular, salsa"
user_298_88a4,"artes escénicas, academia, música","teatro comunitario, galería, chandé, porro, charla TED-style"
user_635_1567,"artes escénicas, academia, música","stand-up comedy, vallenato, emprendimiento"
user_232_aace,"academia, deportes y bienestar, artes escénicas, comunidad, música","gaitas, cineclub, voluntariado, taller / workshop, atletismo, ciclismo"
user_562_01f5,"academia, artes escénicas, evento tradicional, comunidad, música","exposición de arte, verbena, networking, feria de artesanos, voluntariado, novena navideña, fiesta de fin de año, fandango"
user_911_9e3f,"gastronomía, evento tradicional, academia, música","academia, picó, jazz, mercado campesino, networking, gaitas"
user_827_92e8,"comunidad, música","reggaeton, mercado de pulgas"
user_956_fab5,"artes escénicas, música","porro, exposición de arte"
user_916_aa51,"academia, deportes y bienestar, evento tradicional, gastronomía, música","mercado campesino, mapalé, emprendimiento, feria de artesanos, electrónica, deportes"
user_209_d46f,"gastronomía, academia, música","jazz, hackathon, taller de cocina, rap / hip-hop, networking, música en vivo, gaitas"
user_726_202c,"academia, deportes y bienestar, artes escénicas, evento tradicional, música","networking, danza folclórica, yoga / meditación, merecumbé, carnaval barrial, jazz"
user_970_3186,"gastronomía, deportes y bienestar, comunidad, música","reggae, mercado de pulgas, voleibol de playa, música en vivo, festival de mariscos"
user_906_28e9,"deportes y bienestar, artes escénicas, gastronomía, otros, música","reggaeton, turismo cultural, cineclub, rap / hip-hop, natación, taller de cocina"
user_348_2f1b,"academia, deportes y bienestar, evento tradicional, comunidad, otros, música","religioso / espiritual, mercado de pulgas, academia, tecnología, novena navideña, carnaval barrial, merecumbé, yoga / meditación"
user_458_11d1,"artes escénicas, comunidad, música","merecumbé, vallenato, minga barrial, títeres / marionetas, champeta"
user_599_2d6a,"academia, deportes y bienestar, artes escénicas, gastronomía, música","música en vivo, yoga / meditación, cata de vinos / cocteles, exposición de arte, conferencia, mercado campesino, danza folclórica"
user_421_e78b,"artes escénicas, evento tradicional, música","exposición de arte, desfile, rock, jazz"
user_176_4e07,"artes escénicas, gastronomía","teatro comunitario, mercado campesino"
user_675_6c11,"artes escénicas, academia","academia, circo"
user_484_b60c,"academia, artes escénicas, evento tradicional, gastronomía, música","mapalé, charla TED-style, reinado popular, títeres / marionetas, cata de vinos / cocteles, porro, hackathon"
user_372_7681,"otros, música","turismo cultural, salsa"
user_938_b080,"deportes y bienestar, otros, música","música en vivo, fútbol, crossfit, turismo cultural"
user_503_2de4,"artes escénicas, otros, evento tradicional","verbena, turismo cultural, performance, títeres / marionetas, cineclub"
user_122_c8df,"academia, deportes y bienestar, artes escénicas, otros, música","porro, tecnología, merecumbé, emprendimiento, deportes, jazz, galería"
user_180_d6d0,"evento tradicional, academia, música","academia, champeta, fiesta de fin de año"
user_228_9eac,"deportes y bienestar, artes escénicas, evento tradicional, gastronomía, otros","reinado popular, feria de artesanos, danza folclórica, galería, picó, crossfit, cata de vinos / cocteles, turismo cultural"
user_839_afeb,"música, evento tradicional, deportes y bienestar","deportes, cumbia, carnaval barrial"
user_397_4d90,"academia, deportes y bienestar, artes escénicas, evento tradicional, música","academia, ciclismo, chandé, verbena, feria de ciencia, desfile, stand-up comedy"
user_184_f7da,"deportes y bienestar, artes escénicas, evento tradicional, comunidad, música","picó, minga barrial, champeta, ciclismo, cineclub"
user_133_43e8,"academia, artes escénicas, evento tradicional, comunidad, otros, música","videojuegos / gaming, feria comunitaria, títeres / marionetas, fiesta de fin de año, fandango, feria de ciencia"
user_307_7baf,"deportes y bienestar, evento tradicional, gastronomía, comunidad, música","food truck, evento familiar, skateboarding, atletismo, festival gastronómico, rap / hip-hop"
user_961_da2c,"artes escénicas, gastronomía, academia, evento tradicional","cata de vinos / cocteles, verbena, cineclub, picó, emprendimiento"
user_894_cb92,"artes escénicas, evento tradicional, música","rap / hip-hop, cumbia, títeres / marionetas, picó, rock"
user_664_b324,"artes escénicas, gastronomía, deportes y bienestar, música","circo, salsa, crossfit, danza folclórica, festival de mariscos, taller de cocina"
user_132_cd05,"academia, artes escénicas, gastronomía, comunidad, música","networking, feria comunitaria, mercado de pulgas, gastronomía, poesía / declamación, exposición de arte, teatro comunitario, mapalé"
user_744_566b,"academia, deportes y bienestar, artes escénicas, gastronomía, comunidad","mercado campesino, stand-up comedy, artes marciales, feria comunitaria, festival de mariscos, galería, conferencia"
user_293_584f,"otros, música","fotografía, mapalé"
user_938_e0af,"comunidad, otros, evento tradicional","videojuegos / gaming, verbena, feria comunitaria"
user_585_5b7c,"artes escénicas, deportes y bienestar, evento tradicional, música","reinado popular, música en vivo, títeres / marionetas, fútbol, fiesta de fin de año"
user_117_cf13,"artes escénicas, evento tradicional, deportes y bienestar","festival gastronómico, skateboarding, stand-up comedy, performance, cineclub, feria de artesanos"
user_109_466a,"gastronomía, academia, evento tradicional, música","mercado campesino, festival de mariscos, novena navideña, hackathon, chandé"
user_387_0417,"deportes y bienestar, música","rap / hip-hop, deportes"
user_318_1a26,"academia, deportes y bienestar, artes escénicas, evento tradicional, música","rap / hip-hop, skateboarding, picó, cumbia, exposición de arte, galería, emprendimiento"
user_750_9ef4,música,"música en vivo, mapalé, merecumbé"
user_468_5115,"academia, deportes y bienestar, evento tradicional, otros, música","conferencia, videojuegos / gaming, fiesta de fin de año, mapalé, ciclismo, voleibol de playa, carnaval barrial"
user_465_fd87,"artes escénicas, música, comunidad, deportes y bienestar","crossfit, minga barrial, grafiti / arte urbano, gaitas, rock, salsa"
user_706_c849,"otros, evento tradicional","festival gastronómico, moda / pasarela"
user_310_9dfe,"deportes y bienestar, artes escénicas, evento tradicional, gastronomía, comunidad","skateboarding, natación, carnaval barrial, cata de vinos / cocteles, stand-up comedy, evento infantil"
user_211_c208,"evento tradicional, música","rock, picó"
user_691_8d61,"academia, deportes y bienestar, evento tradicional, otros, música","tecnología, verbena, taller / workshop, turismo cultural, crossfit, cumbia, reggae, vallenato"
user_621_bb29,"academia, evento tradicional, gastronomía, comunidad, música","emprendimiento, mercado campesino, champeta, festival gastronómico, evento infantil, evento familiar"
user_986_8c85,"artes escénicas, otros","cineclub, turismo cultural"
user_625_d1d6,"artes escénicas, gastronomía, música, deportes y bienestar","performance, fútbol, exposición de arte, música en vivo, taller de cocina"
user_440_55ae,"gastronomía, deportes y bienestar, otros, música","fandango, skateboarding, jazz, videojuegos / gaming, cata de vinos / cocteles"
user_180_f6dc,"artes escénicas, otros, academia, música","emprendimiento, teatro comunitario, rap / hip-hop, tecnología"
user_218_d9a7,"música, deportes y bienestar","crossfit, rap / hip-hop"
user_143_3489,"artes escénicas, evento tradicional, academia","poesía / declamación, charla TED-style, picó"
user_239_08b2,deportes y bienestar,"fútbol, crossfit"
user_944_f101,"otros, academia","conferencia, tecnología"
user_178_ba80,"academia, artes escénicas, evento tradicional, comunidad, música","cineclub, mercado de pulgas, electrónica, emprendimiento, salsa, galería, verbena, rock"
user_503_71bb,"evento tradicional, música","reinado popular, fandango"
user_843_9329,"deportes y bienestar, artes escénicas, evento tradicional, gastronomía, música","stand-up comedy, gaitas, performance, novena navideña, yoga / meditación, cata de vinos / cocteles, fútbol, gastronomía"
user_576_3022,"deportes y bienestar, artes escénicas, evento tradicional, comunidad, otros, música","mercado de pulgas, poesía / declamación, artes marciales, turismo cultural, crossfit, merecumbé, desfile"
user_872_3b1c,"comunidad, evento tradicional, academia, otros","charla TED-style, desfile, evento infantil, moda / pasarela"
user_698_74cf,"academia, artes escénicas, evento tradicional, gastronomía, comunidad","stand-up comedy, charla TED-style, mercado de pulgas, mercado campesino, verbena"
user_412_1afd,"artes escénicas, música, deportes y bienestar","crossfit, skateboarding, performance, reggaeton, cumbia"
user_978_474e,"deportes y bienestar, academia, evento tradicional, música","vallenato, desfile, chandé, deportes, charla TED-style"
user_883_0e32,música,"merecumbé, gaitas"
user_536_08b5,"academia, artes escénicas, evento tradicional, comunidad, música","poesía / declamación, merecumbé, rap / hip-hop, mercado de pulgas, academia, reinado popular, reggaeton"
user_910_88f9,"gastronomía, academia, deportes y bienestar","fútbol, crossfit, charla TED-style, mercado campesino, skateboarding, deportes"
user_677_7edd,"otros, evento tradicional","novena navideña, moda / pasarela"
user_558_2cc6,"artes escénicas, evento tradicional, música","fiesta de fin de año, cineclub, salsa"
user_434_2d38,"comunidad, otros, academia, música","salsa, música en vivo, networking, evento infantil, religioso / espiritual, hackathon, videojuegos / gaming"
user_772_6078,"artes escénicas, evento tradicional, música","cumbia, cineclub, novena navideña, chandé, poesía / declamación"
user_195_c0a0,"academia, deportes y bienestar, artes escénicas, evento tradicional, gastronomía, música","grafiti / arte urbano, emprendimiento, poesía / declamación, conferencia, voleibol de playa, carnaval barrial, electrónica, gastronomía"
user_269_edd4,"gastronomía, academia, música","academia, mercado campesino, rock, salsa"
user_707_540c,"academia, deportes y bienestar, artes escénicas, evento tradicional, gastronomía, música","gastronomía, emprendimiento, reinado popular, voleibol de playa, desfile, títeres / marionetas, cumbia, fútbol"
user_921_9bbe,"deportes y bienestar, artes escénicas, gastronomía, comunidad, música","performance, natación, food truck, minga barrial, champeta"
user_303_f1f0,"artes escénicas, otros, evento tradicional, música","picó, exposición de arte, fotografía, porro"
user_553_2876,"gastronomía, comunidad, academia, música","champeta, cata de vinos / cocteles, chandé, merecumbé, networking, minga barrial, salsa"
user_829_9142,"deportes y bienestar, evento tradicional, música","cumbia, fandango, feria de artesanos, yoga / meditación, gaitas, festival gastronómico, artes marciales"
user_901_c21a,"academia, comunidad, evento tradicional, deportes y bienestar","natación, feria comunitaria, desfile, conferencia"
user_369_e313,"artes escénicas, gastronomía, música","exposición de arte, jazz, taller de cocina"
user_106_aa20,"artes escénicas, gastronomía, otros","videojuegos / gaming, taller de cocina, cineclub, stand-up comedy, food truck"
user_883_9a4c,"evento tradicional, deportes y bienestar","artes marciales, picó"
user_684_f67e,"artes escénicas, gastronomía, música, deportes y bienestar","deportes, teatro comunitario, galería, food truck, ciclismo, taller de cocina, fandango"
user_399_a0d8,"artes escénicas, gastronomía","gastronomía, galería"
user_399_3fb1,"academia, deportes y bienestar, artes escénicas, gastronomía, otros, música","voleibol de playa, teatro comunitario, food truck, religioso / espiritual, fandango, feria de ciencia"
user_343_359f,"gastronomía, academia, evento tradicional, música","carnaval barrial, cata de vinos / cocteles, rap / hip-hop, porro, academia"
user_640_7ecf,"artes escénicas, gastronomía, música","cata de vinos / cocteles, salsa, teatro comunitario, poesía / declamación"
user_813_08cc,"academia, deportes y bienestar, gastronomía, comunidad, música","chandé, voluntariado, mapalé, electrónica, porro, food truck, hackathon, natación"
user_142_e72c,"artes escénicas, deportes y bienestar, academia, música","teatro comunitario, cumbia, skateboarding, circo, charla TED-style, títeres / marionetas"
user_190_bd23,"artes escénicas, evento tradicional","carnaval barrial, performance"
user_845_2195,"artes escénicas, gastronomía, comunidad, música","taller de cocina, rap / hip-hop, danza folclórica, mercado de pulgas"
user_489_d6db,"comunidad, otros, academia, música","fotografía, feria de ciencia, evento familiar, moda / pasarela, mapalé"
user_402_b6fa,"academia, artes escénicas, evento tradicional, comunidad, música","salsa, poesía / declamación, desfile, minga barrial, networking, mercado de pulgas"
user_914_7495,evento tradicional,"festival gastronómico, reinado popular"
user_785_b17b,"deportes y bienestar, artes escénicas, gastronomía, comunidad, música","minga barrial, chandé, artes marciales, festival de mariscos, voleibol de playa, salsa, cineclub"
user_206_0c12,"academia, deportes y bienestar, artes escénicas, comunidad, otros, música","evento familiar, deportes, porro, jazz, turismo cultural, charla TED-style, danza folclórica, fotografía"
user_758_3d7a,"artes escénicas, evento tradicional, academia, deportes y bienestar","networking, artes marciales, emprendimiento, academia, natación, performance, circo, picó"
user_877_0770,"artes escénicas, evento tradicional","carnaval barrial, títeres / marionetas"
user_118_750d,"artes escénicas, academia, música","hackathon, stand-up comedy, fandango, merecumbé"
user_590_71f7,"otros, música","fotografía, champeta, reggae"
user_868_61bc,"gastronomía, otros, academia, música","rock, reggae, porro, taller de cocina, academia, moda / pasarela"
user_879_0aac,"gastronomía, comunidad, evento tradicional, música","food truck, cumbia, feria de artesanos, música en vivo, cata de vinos / cocteles, voluntariado"
user_661_b92a,"otros, deportes y bienestar","moda / pasarela, deportes"
user_301_7c69,"gastronomía, música, academia, deportes y bienestar","yoga / meditación, food truck, jazz, conferencia"
user_791_d160,"artes escénicas, gastronomía, comunidad, otros, música","evento familiar, cumbia, exposición de arte, festival de mariscos, taller de cocina, tecnología, evento infantil"
user_790_8e63,"artes escénicas, gastronomía, evento tradicional, música","rap / hip-hop, mercado campesino, exposición de arte, circo, picó"
user_200_9d2c,"artes escénicas, comunidad","minga barrial, teatro comunitario"
user_440_7e56,"artes escénicas, música, deportes y bienestar","artes marciales, salsa, crossfit, grafiti / arte urbano, música en vivo, deportes, circo, danza folclórica"
user_819_b20c,"academia, deportes y bienestar, evento tradicional, gastronomía, otros","voleibol de playa, academia, videojuegos / gaming, fútbol, cata de vinos / cocteles, reinado popular"
user_744_4ffa,"artes escénicas, deportes y bienestar, comunidad, música","mercado de pulgas, títeres / marionetas, salsa, yoga / meditación"
user_593_43a3,"artes escénicas, comunidad, academia, música","emprendimiento, reggae, cineclub, evento familiar"
user_709_157c,"gastronomía, otros, deportes y bienestar","fotografía, deportes, food truck"
user_911_0228,"artes escénicas, deportes y bienestar, academia, música","música en vivo, gaitas, ciclismo, emprendimiento, cineclub, danza folclórica"
user_207_bfdc,"artes escénicas, deportes y bienestar, otros, música","videojuegos / gaming, mapalé, stand-up comedy, natación, fotografía"
user_790_64ac,"evento tradicional, música","gaitas, festival gastronómico"
user_509_0be8,"evento tradicional, deportes y bienestar","reinado popular, crossfit"
user_966_5e34,"academia, deportes y bienestar, evento tradicional, gastronomía, otros, música","religioso / espiritual, artes marciales, mercado campesino, hackathon, chandé, verbena, feria de ciencia"
user_626_00a1,"academia, artes escénicas, evento tradicional, gastronomía, otros, música","fiesta de fin de año, religioso / espiritual, circo, mercado campesino, jazz, charla TED-style, emprendimiento"
user_695_277d,"artes escénicas, música, evento tradicional, deportes y bienestar","grafiti / arte urbano, feria de artesanos, novena navideña, ciclismo, electrónica"
user_170_64fc,"artes escénicas, evento tradicional, gastronomía, comunidad, música","mercado campesino, mercado de pulgas, poesía / declamación, rock, carnaval barrial"
user_912_d760,"gastronomía, música","salsa, festival de mariscos"
user_184_ac30,"artes escénicas, gastronomía, otros, evento tradicional","poesía / declamación, tecnología, reinado popular, food truck, verbena"
user_659_3bf3,"artes escénicas, evento tradicional","reinado popular, danza folclórica"
user_337_4ef8,"academia, deportes y bienestar, artes escénicas, evento tradicional, gastronomía, otros, música","networking, tecnología, festival gastronómico, danza folclórica, cata de vinos / cocteles, artes marciales, merecumbé"
user_381_ab15,"artes escénicas, academia, música","teatro comunitario, hackathon, mapalé, chandé"
user_624_fa20,artes escénicas,"grafiti / arte urbano, títeres / marionetas"
user_563_ccb8,"deportes y bienestar, artes escénicas, gastronomía, otros, música","festival de mariscos, tecnología, artes marciales, champeta, natación, grafiti / arte urbano, mercado campesino, cineclub"
user_952_9fc8,"música, deportes y bienestar","crossfit, reggae, deportes, rap / hip-hop, voleibol de playa, cumbia"
user_747_e8bc,"artes escénicas, deportes y bienestar, música","rock, galería, atletismo"
user_212_f7a5,"evento tradicional, deportes y bienestar","yoga / meditación, feria de artesanos"
user_910_9497,"academia, deportes y bienestar, evento tradicional, gastronomía, música","networking, gastronomía, crossfit, novena navideña, feria de artesanos, rap / hip-hop"
user_552_c2ae,"música, comunidad, evento tradicional, deportes y bienestar","voluntariado, reinado popular, fútbol, natación, vallenato, desfile"
user_874_78e2,"academia, deportes y bienestar, artes escénicas, evento tradicional, gastronomía, comunidad","danza folclórica, yoga / meditación, novena navideña, natación, voluntariado, taller de cocina, emprendimiento"
user_551_8208,"academia, deportes y bienestar, artes escénicas, evento tradicional, música","mapalé, danza folclórica, deportes, salsa, academia, verbena"
user_498_a74a,"deportes y bienestar, artes escénicas, gastronomía, comunidad, música","food truck, danza folclórica, evento infantil, festival de mariscos, música en vivo, voleibol de playa, exposición de arte, atletismo"
user_685_6d99,"academia, evento tradicional, gastronomía, comunidad, otros, música","feria comunitaria, gastronomía, mercado de pulgas, mapalé, conferencia, vallenato, religioso / espiritual, picó"
user_975_825b,"gastronomía, evento tradicional","carnaval barrial, mercado campesino"
user_212_5a1a,"artes escénicas, otros, evento tradicional, música","performance, picó, reggae, turismo cultural"
user_945_1945,"artes escénicas, gastronomía, música","reggaeton, performance, gastronomía, galería, food truck, electrónica"
user_137_4bd2,"academia, deportes y bienestar, evento tradicional, comunidad, música","voleibol de playa, evento familiar, conferencia, vallenato, carnaval barrial, reggaeton, verbena, fiesta de fin de año"
user_703_19a5,"comunidad, otros, evento tradicional, música","carnaval barrial, videojuegos / gaming, voluntariado, salsa, verbena"
user_198_89d0,"deportes y bienestar, evento tradicional, gastronomía, comunidad, otros, música","carnaval barrial, turismo cultural, evento infantil, vallenato, electrónica, skateboarding, gastronomía"
user_477_b62d,"academia, artes escénicas, evento tradicional, otros, música","danza folclórica, turismo cultural, festival gastronómico, fandango, networking"
user_818_2133,"música, comunidad, evento tradicional, deportes y bienestar","voluntariado, natación, fiesta de fin de año, feria de artesanos, jazz"
user_583_385e,"deportes y bienestar, artes escénicas, gastronomía, comunidad, música","performance, gastronomía, voluntariado, fandango, atletismo, títeres / marionetas, danza folclórica"
user_858_c230,"academia, artes escénicas, evento tradicional, gastronomía, música","festival de mariscos, títeres / marionetas, conferencia, música en vivo, galería, verbena"
user_533_b959,"evento tradicional, música","fiesta de fin de año, vallenato"
user_651_afec,"academia, deportes y bienestar, evento tradicional, gastronomía, música","mercado campesino, reggae, crossfit, food truck, verbena, academia"
user_156_397b,"academia, deportes y bienestar, artes escénicas, evento tradicional, gastronomía, comunidad, otros, música","gastronomía, verbena, voleibol de playa, charla TED-style, mercado de pulgas, religioso / espiritual, vallenato, cineclub"
user_213_e057,"gastronomía, otros, música","gaitas, champeta, videojuegos / gaming, fandango, mercado campesino"
user_191_1ca5,"otros, academia","conferencia, moda / pasarela"
user_870_52c6,"artes escénicas, música, academia, deportes y bienestar","títeres / marionetas, artes marciales, networking, porro, conferencia"
user_372_1a30,"gastronomía, evento tradicional, deportes y bienestar","gastronomía, voleibol de playa, feria de artesanos"
user_489_7f51,"gastronomía, deportes y bienestar, academia, música","reggae, gastronomía, networking, mercado campesino, ciclismo"
user_988_9ee8,"artes escénicas, gastronomía, academia, deportes y bienestar","gastronomía, charla TED-style, emprendimiento, deportes, exposición de arte"
user_813_edac,"gastronomía, comunidad, evento tradicional","evento familiar, festival de mariscos, reinado popular"
user_673_5f93,"artes escénicas, música","vallenato, títeres / marionetas, música en vivo"
user_158_ed31,artes escénicas,"galería, títeres / marionetas, grafiti / arte urbano, danza folclórica"
user_402_43fb,"artes escénicas, comunidad, música","minga barrial, fandango, poesía / declamación"
user_978_a4c5,"artes escénicas, deportes y bienestar, evento tradicional, música","rap / hip-hop, teatro comunitario, salsa, desfile, stand-up comedy, yoga / meditación"
user_663_c92e,"comunidad, academia, deportes y bienestar","natación, feria comunitaria, networking"
user_576_4a96,"gastronomía, deportes y bienestar","taller de cocina, ciclismo"
user_237_5c63,"artes escénicas, otros, academia, música","stand-up comedy, cineclub, turismo cultural, hackathon, electrónica, rock, poesía / declamación"
user_457_6d1c,"artes escénicas, otros, deportes y bienestar","títeres / marionetas, videojuegos / gaming, ciclismo"
user_682_6f67,"academia, deportes y bienestar, artes escénicas, evento tradicional, gastronomía","galería, gastronomía, grafiti / arte urbano, artes marciales, festival de mariscos, feria de ciencia, feria de artesanos"
user_201_e510,"comunidad, música","merecumbé, evento infantil, evento familiar, chandé, voluntariado, jazz"
user_153_8051,"academia, música","rock, emprendimiento, gaitas"
user_366_c9d4,"artes escénicas, academia","conferencia, grafiti / arte urbano"
user_577_b701,"deportes y bienestar, artes escénicas, gastronomía, otros, música","fandango, deportes, cata de vinos / cocteles, religioso / espiritual, performance, chandé"
user_960_0bb5,"artes escénicas, comunidad, otros, música","teatro comunitario, minga barrial, chandé, cineclub, vallenato, mapalé, fotografía, galería"
user_451_3c5f,"artes escénicas, deportes y bienestar, otros, música","porro, turismo cultural, deportes, cineclub, exposición de arte, grafiti / arte urbano, rap / hip-hop"
user_242_088b,"academia, deportes y bienestar, artes escénicas, evento tradicional, música","performance, hackathon, ciclismo, picó, fiesta de fin de año, feria de ciencia, champeta, teatro comunitario"
user_501_3752,"gastronomía, música","gastronomía, electrónica, rap / hip-hop, gaitas"
user_127_8fcf,"artes escénicas, comunidad, evento tradicional, academia","networking, títeres / marionetas, cineclub, fiesta de fin de año, taller / workshop, grafiti / arte urbano, carnaval barrial, evento infantil"
user_255_1d1d,"academia, artes escénicas, evento tradicional, gastronomía, música","salsa, conferencia, danza folclórica, gaitas, verbena, teatro comunitario, mercado campesino, fiesta de fin de año"
user_960_54df,"artes escénicas, música, comunidad, deportes y bienestar","natación, artes marciales, reggae, voluntariado, stand-up comedy, gaitas"
user_614_1f6b,"artes escénicas, evento tradicional, música","salsa, stand-up comedy, picó"
user_963_95b3,"academia, deportes y bienestar, artes escénicas, evento tradicional, gastronomía, música","atletismo, conferencia, novena navideña, circo, porro, food truck"
user_844_c593,"academia, música","taller / workshop, porro"
user_889_ceed,"evento tradicional, música","reggaeton, fiesta de fin de año"
user_782_2ee2,"artes escénicas, comunidad","mercado de pulgas, teatro comunitario"
user_349_b7ff,"artes escénicas, deportes y bienestar, música","porro, artes marciales, circo"
user_542_afb9,artes escénicas,"danza folclórica, galería, circo"
user_825_f71e,"artes escénicas, evento tradicional, música","fiesta de fin de año, rap / hip-hop, cumbia, exposición de arte"
user_258_6d97,artes escénicas,"exposición de arte, danza folclórica"
user_234_b3de,"deportes y bienestar, evento tradicional, academia, música","taller / workshop, rap / hip-hop, chandé, deportes, artes marciales, picó"
user_560_f5e8,"comunidad, otros, academia, música","electrónica, academia, turismo cultural, voluntariado"
user_398_6c66,"deportes y bienestar, academia, evento tradicional, música","jazz, novena navideña, charla TED-style, rap / hip-hop, carnaval barrial, networking, merecumbé, natación"
user_856_2f2c,"deportes y bienestar, evento tradicional, música","fandango, mapalé, desfile, natación, voleibol de playa, yoga / meditación"
user_751_f105,"deportes y bienestar, artes escénicas, gastronomía, comunidad, música","danza folclórica, ciclismo, mapalé, food truck, evento infantil"
user_811_1601,"evento tradicional, academia, música","música en vivo, emprendimiento, picó"
user_523_2d9a,"gastronomía, deportes y bienestar","food truck, fútbol, voleibol de playa"
user_204_09c8,"artes escénicas, comunidad, música","cineclub, merecumbé, mercado de pulgas, performance"
user_250_25a6,"artes escénicas, otros, música","música en vivo, tecnología, títeres / marionetas"
user_591_8673,"artes escénicas, otros, deportes y bienestar","tecnología, artes marciales, stand-up comedy"
user_987_6999,"academia, artes escénicas, evento tradicional, comunidad, música","hackathon, taller / workshop, fiesta de fin de año, evento familiar, teatro comunitario, electrónica, títeres / marionetas"
user_756_fe0e,"artes escénicas, evento tradicional","picó, cineclub"
user_168_e87e,"deportes y bienestar, artes escénicas, evento tradicional, gastronomía, comunidad, otros","yoga / meditación, taller de cocina, exposición de arte, minga barrial, tecnología, novena navideña"
user_276_4283,"academia, deportes y bienestar, artes escénicas, evento tradicional, comunidad, música","stand-up comedy, mercado de pulgas, networking, rap / hip-hop, fútbol, festival gastronómico, atletismo"
user_470_d6b0,"artes escénicas, gastronomía, evento tradicional","taller de cocina, performance, desfile"
user_394_df48,"evento tradicional, gastronomía, comunidad, otros, música","feria de artesanos, evento familiar, evento infantil, cata de vinos / cocteles, turismo cultural, mapalé"
user_783_e59a,"academia, deportes y bienestar, artes escénicas, comunidad, música","ciclismo, academia, mercado de pulgas, fútbol, jazz, circo, galería"
user_192_032a,"academia, artes escénicas, comunidad, otros, música","videojuegos / gaming, teatro comunitario, emprendimiento, grafiti / arte urbano, voluntariado, feria comunitaria, moda / pasarela, reggaeton"
user_288_59da,"deportes y bienestar, artes escénicas, gastronomía, otros, música","reggaeton, stand-up comedy, skateboarding, merecumbé, videojuegos / gaming, gaitas, food truck"
user_925_f070,"gastronomía, música, evento tradicional, deportes y bienestar","gastronomía, deportes, salsa, skateboarding, champeta, picó, rap / hip-hop"
user_941_fdbe,"comunidad, música","vallenato, minga barrial"
user_732_0ddd,"artes escénicas, otros, evento tradicional, música","poesía / declamación, fotografía, stand-up comedy, rock, reinado popular, verbena, desfile, títeres / marionetas"
user_247_29aa,"gastronomía, otros, evento tradicional","turismo cultural, fiesta de fin de año, cata de vinos / cocteles, picó"
user_573_e555,"deportes y bienestar, otros, academia, música","taller / workshop, tecnología, reggae, crossfit"
user_180_0888,"academia, evento tradicional","festival gastronómico, hackathon"
user_896_6e8f,"artes escénicas, evento tradicional, música","cineclub, danza folclórica, picó, rock"
user_395_510b,"academia, deportes y bienestar, artes escénicas, evento tradicional, comunidad, música","voleibol de playa, feria comunitaria, hackathon, música en vivo, minga barrial, títeres / marionetas, fiesta de fin de año, mercado de pulgas"
user_832_ccda,"artes escénicas, gastronomía, evento tradicional, música","festival de mariscos, porro, poesía / declamación, desfile, cineclub, rap / hip-hop"
user_701_6b84,"otros, evento tradicional","festival gastronómico, turismo cultural"
user_200_21a7,"artes escénicas, comunidad, evento tradicional, deportes y bienestar","feria de artesanos, mercado de pulgas, danza folclórica, fiesta de fin de año, desfile, voleibol de playa"
user_345_6cea,"comunidad, academia, música","voluntariado, mapalé, charla TED-style, fandango, cumbia"
user_189_9b02,"academia, artes escénicas, evento tradicional, gastronomía, música","taller de cocina, emprendimiento, cumbia, fiesta de fin de año, feria de ciencia, circo"
user_482_1524,"gastronomía, comunidad, otros, música","moda / pasarela, gastronomía, jazz, religioso / espiritual, mercado de pulgas"
user_672_927e,"artes escénicas, evento tradicional, música","merecumbé, electrónica, feria de artesanos, rock, danza folclórica, festival gastronómico"
user_380_4e40,"evento tradicional, música","fiesta de fin de año, chandé, desfile"
user_780_69c6,"artes escénicas, deportes y bienestar, otros, música","exposición de arte, champeta, natación, religioso / espiritual, skateboarding, fútbol"
user_603_5522,"evento tradicional, música","rap / hip-hop, festival gastronómico"
user_298_ddaf,"gastronomía, deportes y bienestar","festival de mariscos, natación"
user_304_b256,"música, evento tradicional, deportes y bienestar","skateboarding, rap / hip-hop, feria de artesanos"
user_938_4c62,"artes escénicas, comunidad, otros, deportes y bienestar","turismo cultural, evento infantil, artes marciales, circo"
user_921_9340,"academia, deportes y bienestar, artes escénicas, comunidad, música","mapalé, artes marciales, mercado de pulgas, teatro comunitario, academia"
user_510_fb49,"artes escénicas, comunidad, otros, academia","evento familiar, performance, religioso / espiritual, hackathon"
user_826_5af1,"academia, deportes y bienestar, artes escénicas, evento tradicional, comunidad, música","porro, evento infantil, poesía / declamación, fiesta de fin de año, jazz, natación, taller / workshop"
user_360_7d6d,"deportes y bienestar, artes escénicas, evento tradicional, otros, música","atletismo, rock, picó, mapalé, videojuegos / gaming, artes marciales, títeres / marionetas, jazz"
user_804_2940,"artes escénicas, evento tradicional, academia, música","merecumbé, academia, danza folclórica, desfile, taller / workshop"
user_743_2217,"otros, academia, música","reggaeton, academia, fotografía"
user_221_375d,"artes escénicas, música, deportes y bienestar","performance, crossfit, fandango"
user_457_b21b,"artes escénicas, evento tradicional, música","salsa, cineclub, picó"
user_121_ef85,"música, evento tradicional, deportes y bienestar","ciclismo, natación, desfile, jazz"
user_718_7c83,"artes escénicas, evento tradicional, gastronomía, comunidad, música","desfile, feria de artesanos, festival de mariscos, merecumbé, teatro comunitario, food truck, evento infantil, cineclub"
user_267_2ce4,"deportes y bienestar, otros, evento tradicional, música","rock, carnaval barrial, música en vivo, reggae, fandango, tecnología, yoga / meditación, videojuegos / gaming"
user_595_64f0,"academia, comunidad, evento tradicional, deportes y bienestar","feria comunitaria, feria de artesanos, charla TED-style, minga barrial, atletismo, hackathon, yoga / meditación, academia"
user_458_56cc,"comunidad, deportes y bienestar","yoga / meditación, minga barrial"
